layer,global_name,scope_params,comp_positions,stego_positions,union_positions,selected_by_comp,selected_by_stego,raw_stego_layer,norm_stego_layer
11,model.layers.11.self_attn.q_proj.weight,16777216,0,1604,1604,0,1,45376.67777341922,1.0
31,model.layers.31.self_attn.q_proj.weight,16777216,7548,0,7548,1,0,635.8261996902609,0.002574946408057386
31,model.layers.31.self_attn.k_proj.weight,4194304,953,0,953,1,0,635.8261996902609,0.002574946408057386
31,model.layers.31.self_attn.v_proj.weight,4194304,955,0,955,1,0,635.8261996902609,0.002574946408057386
31,model.layers.31.self_attn.o_proj.weight,16777216,7625,0,7625,1,0,635.8261996902609,0.002574946408057386
31,model.layers.31.mlp.gate_proj.weight,58720256,12480,0,12480,1,0,635.8261996902609,0.002574946408057386
31,model.layers.31.mlp.up_proj.weight,58720256,12324,0,12324,1,0,635.8261996902609,0.002574946408057386
31,model.layers.31.mlp.down_proj.weight,58720256,13634,0,13634,1,0,635.8261996902609,0.002574946408057386
