global_name,selected_by_comp,selected_by_stego,scope_params,optimized_positions,changed,k_scope_percent
model.layers.6.self_attn.q_proj.weight,0,1,16777216,1484,1484,0.008845329284667969
model.layers.32.self_attn.q_proj.weight,1,0,16777216,7652,7652,0.045609474182128906
model.layers.32.self_attn.k_proj.weight,1,0,4194304,972,972,0.023174285888671875
model.layers.32.self_attn.v_proj.weight,1,0,4194304,960,960,0.02288818359375
model.layers.32.self_attn.o_proj.weight,1,0,16777216,7684,7684,0.045800209045410156
model.layers.32.mlp.gate_proj.weight,1,0,50331648,11594,11594,0.023035208384195965
model.layers.32.mlp.up_proj.weight,1,0,50331648,11484,11484,0.02281665802001953
model.layers.32.mlp.down_proj.weight,1,0,50331648,11532,11532,0.022912025451660156
