layer,global_name,scope_params,comp_positions,stego_positions,union_positions,selected_by_comp,selected_by_stego,raw_stego_layer,norm_stego_layer
32,model.layers.32.self_attn.q_proj.weight,16777216,7652,0,7652,1,0,704.8030204157861,0.0006748241645063986
32,model.layers.32.self_attn.k_proj.weight,4194304,972,0,972,1,0,704.8030204157861,0.0006748241645063986
32,model.layers.32.self_attn.v_proj.weight,4194304,960,0,960,1,0,704.8030204157861,0.0006748241645063986
32,model.layers.32.self_attn.o_proj.weight,16777216,7684,0,7684,1,0,704.8030204157861,0.0006748241645063986
32,model.layers.32.mlp.gate_proj.weight,50331648,11594,0,11594,1,0,704.8030204157861,0.0006748241645063986
32,model.layers.32.mlp.up_proj.weight,50331648,11484,0,11484,1,0,704.8030204157861,0.0006748241645063986
32,model.layers.32.mlp.down_proj.weight,50331648,11532,0,11532,1,0,704.8030204157861,0.0006748241645063986
