layer,global_name,scope_params,comp_positions,stego_positions,union_positions,selected_by_comp,selected_by_stego,raw_stego_layer,norm_stego_layer
5,model.layers.5.self_attn.q_proj.weight,16777216,0,1604,1604,0,1,52858.543951787164,1.0
31,model.layers.31.self_attn.q_proj.weight,16777216,7743,0,7743,1,0,13759.533869069879,0.26004263300846814
31,model.layers.31.self_attn.k_proj.weight,4194304,981,0,981,1,0,13759.533869069879,0.26004263300846814
31,model.layers.31.self_attn.v_proj.weight,4194304,984,0,984,1,0,13759.533869069879,0.26004263300846814
31,model.layers.31.self_attn.o_proj.weight,16777216,7652,0,7652,1,0,13759.533869069879,0.26004263300846814
31,model.layers.31.mlp.gate_proj.weight,58720256,13459,0,13459,1,0,13759.533869069879,0.26004263300846814
31,model.layers.31.mlp.up_proj.weight,58720256,13515,0,13515,1,0,13759.533869069879,0.26004263300846814
31,model.layers.31.mlp.down_proj.weight,58720256,13513,0,13513,1,0,13759.533869069879,0.26004263300846814
