layer,global_name,scope_params,comp_positions,stego_positions,union_positions,selected_by_comp,selected_by_stego,raw_stego_layer,norm_stego_layer
11,model.layers.11.self_attn.q_proj.weight,16777216,0,1604,1604,0,1,27146.977178390774,1.0
31,model.layers.31.self_attn.q_proj.weight,16777216,7699,0,7699,1,0,866.9749943497711,0.01649067203656082
31,model.layers.31.self_attn.k_proj.weight,4194304,974,0,974,1,0,866.9749943497711,0.01649067203656082
31,model.layers.31.self_attn.v_proj.weight,4194304,968,0,968,1,0,866.9749943497711,0.01649067203656082
31,model.layers.31.self_attn.o_proj.weight,16777216,7641,0,7641,1,0,866.9749943497711,0.01649067203656082
31,model.layers.31.mlp.gate_proj.weight,58720256,13502,0,13502,1,0,866.9749943497711,0.01649067203656082
31,model.layers.31.mlp.up_proj.weight,58720256,13518,0,13518,1,0,866.9749943497711,0.01649067203656082
31,model.layers.31.mlp.down_proj.weight,58720256,13425,0,13425,1,0,866.9749943497711,0.01649067203656082
