global_name,selected_by_comp,selected_by_stego,scope_params,optimized_positions,changed,k_scope_percent
model.layers.5.self_attn.q_proj.weight,0,1,16777216,1604,1604,0.009560585021972656
model.layers.31.self_attn.q_proj.weight,1,0,16777216,7743,7743,0.04615187644958496
model.layers.31.self_attn.k_proj.weight,1,0,4194304,981,981,0.02338886260986328
model.layers.31.self_attn.v_proj.weight,1,0,4194304,984,984,0.02346038818359375
model.layers.31.self_attn.o_proj.weight,1,0,16777216,7652,7652,0.045609474182128906
model.layers.31.mlp.gate_proj.weight,1,0,58720256,13459,13459,0.022920540400913784
model.layers.31.mlp.up_proj.weight,1,0,58720256,13515,13515,0.02301590783255441
model.layers.31.mlp.down_proj.weight,1,0,58720256,13513,13513,0.023012501852852956
