global_name,selected_by_comp,selected_by_stego,scope_params,optimized_positions,changed,k_scope_percent
model.layers.31.self_attn.q_proj.weight,1,0,16777216,7699,7699,0.04588961601257324
model.layers.31.self_attn.k_proj.weight,1,0,4194304,974,974,0.023221969604492188
model.layers.31.self_attn.v_proj.weight,1,0,4194304,968,968,0.02307891845703125
model.layers.31.self_attn.o_proj.weight,1,0,16777216,7641,7641,0.04554390907287598
model.layers.31.mlp.gate_proj.weight,1,0,58720256,13502,13502,0.022993768964494978
model.layers.31.mlp.up_proj.weight,1,0,58720256,13518,13518,0.023021016802106584
model.layers.31.mlp.down_proj.weight,1,0,58720256,13425,13425,0.02286263874598912
