layer,global_name,scope_params,comp_positions,stego_positions,union_positions,selected_by_comp,selected_by_stego,raw_stego_layer,norm_stego_layer
6,model.layers.6.self_attn.q_proj.weight,16777216,0,1484,1484,0,1,1000000.0,1.0
32,model.layers.32.self_attn.q_proj.weight,16777216,8191,0,8191,1,0,704.8030204157861,0.0006748241645063986
32,model.layers.32.self_attn.k_proj.weight,4194304,1024,0,1024,1,0,704.8030204157861,0.0006748241645063986
32,model.layers.32.self_attn.v_proj.weight,4194304,1024,0,1024,1,0,704.8030204157861,0.0006748241645063986
32,model.layers.32.self_attn.o_proj.weight,16777216,8191,0,8191,1,0,704.8030204157861,0.0006748241645063986
32,model.layers.32.mlp.gate_proj.weight,50331648,12288,0,12288,1,0,704.8030204157861,0.0006748241645063986
32,model.layers.32.mlp.up_proj.weight,50331648,12288,0,12288,1,0,704.8030204157861,0.0006748241645063986
32,model.layers.32.mlp.down_proj.weight,50331648,12288,0,12288,1,0,704.8030204157861,0.0006748241645063986
